category,revenue
vendor_2,107657624.71983765
vendor_1,107630863.86983433
vendor_6,19856.87999999999
