product_id,revenue
route_-132-265,1049657.5399999998
route_-132-230,942129.1800000006
route_-138-230,599761.8
route_-132-48,495777.4599999996
route_-230-132,478528.0699999996
